"No","Judul","Topik","","",""
"1","SISTEM INFORMASI PENJADWALAN DOKTER BERBASIS WEB DENGAN MENGGUNAKAN FRAMEWORK CODEIGNITER (STUDI KASUS: RUMAH SAKIT YUKUM MEDICAL CENTRE)","Basis Data","","",""
"2","E-Learning Sebagai Media Pembelajaran Berbasis Web Pada Smk N 4 Purworejo","Basis Data","","",""
"3","PENERAPAN PENDEKATAN MACHINE LEARNING PADA PENGEMBANGAN BASIS DATA HERBAL SEBAGAI SUMBER INFORMASI KANDIDAT OBAT KANKER","Basis Data","","",""
"4","PERANCANGAN SISTEM INFORMASI PERSEDIAAN BAHAN BAKU","Basis Data","","",""
"5","Sistem Informasi Akademik Berbasis Web pada LKP Rejeki Cilacap","Basis Data","","",""
"6","DESAIN APLIKASI SISTEM INFORMASI GEOGRAFIS PEDAGANG PASAR MENGGUNAKAN VISUAL BASIC DAN DOTSPATIAL (STUDI KASUS: PASAR BINTORO KABUPATEN DEMAK)","Basis Data","","",""
"7","SISTEM INFORMASI PENGOLAHAN DATA PENANGGULANGAN BENCANA PADA KANTOR BADAN PENANGGULANGAN BENCANA DAERAH (BPBD) KABUPATEN PADANG PARIAMAN","Basis Data","","",""
"8","Perancangan dan Penerapan “Search Engine Optimization”(SEO) pada Website Pemasaran Produk Toko Janjebles","Basis Data","","",""
"9","IMPLEMENTASI SISTEM BASIS DATA UNTUK MENDUKUNG PENGEMBANGAN SISTEM INFORMASI MANAJEMEN SUMBER DAYA MANUSIA(STUDI KASUS  STIKOM DINAMIKA BANGSA)","Basis Data","","",""
"10","PEMBUATAN MODEL SEQUENCE DIAGRAM DENGAN REVERSE ENGINEERING APLIKASI BASIS DATA PADA SMARTPHONE UNTUK MENJAGA KONSISTENSI DESAIN PERANGKAT LUNAK","Basis Data","","",""
"11","DATA MINING UNTUK OPTIMALISASI DISTRIBUSI PENJUALAN INDOMIE GORENG MENGGUNAKAN METODE CLUSTERING","Data Mining","","",""
"12","PENERAPAN DATA MINING UNTUK MEMPREDIKSI KRITERIA NASABAH KREDIT","Data Mining","","",""
"13","Implementasi Data Mining Menentukan Game Android Paling Diminati Dengan Algoritma Apriori","Data Mining","","",""
"14","PENERAPAN DATA MINING TERHADAP PENJUALAN PIPA PADA CV. GASKINDO SENTOSA MENGGUNAKAN METODE ALGORITMA APRIORI","Data Mining","","",""
"15","PENERAPAN DATA MINING UNTUK KLASIFIKASI PREDIKSI PENYAKIT ISPA (Infeksi Saluran Pernapasan Akut) DENGAN ALGORITMA DECISION TREE (ID3)","Data Mining","","",""
"16","Implementasi Metode Association Rule untuk Menganalisis Data Twitter tentang Badan Penyelenggara Jaminan Sosial dengan Algoritma Frequent Pattern Growth","Data Mining","","",""
"17","Penerapan Principal Component Analysis","Data Mining","","",""
"18","Penerapan Algoritma C4.5 Untuk Memprediksi Keuntungan Pada PT SMOE Indonesia","Data Mining","","",""
"19","PENERAPAN DATA MINING DENGAN METODE CLUSTERING UNTUK PENGELOMPOKAN DATA PENGIRIMAN BURUNG","Data Mining","","",""
"20","Data Mining Untuk Analisis Pola Pemilihan Menu Pada Penang Corner Cafe Dan Resto Menggunakan Algoritma Apriori","Data Mining","","",""
"21","ANALISIS JARINGAN LOCAL AREA NETWORK (LAN) PADA PT. MUSTIKA RATU Tbk JAKARTA TIMUR","Jaringan Komputer","","",""
"22","Rancang Bangun Sistem Perpustakaan untuk Jurnal Elektronik","Jaringan Komputer","","",""
"23","SISTEM INFORMASI LAPORAN PENJUALAN KOMPUTER BERBASIS LAN","Jaringan Komputer","","",""
"24","ANALISIS DAN OPTIMALISASI JARINGAN MENGGUNAKAN TEKNIK LOAD BALANCING (Studi Kasus : Jaringan UAD Kampus 3)","Jaringan Komputer","","",""
"25","PENGEMBANGAN SISTEM PENGAMAN JARINGAN KOMPUTER BERDASARKAN ANALISIS FORENSIK JARINGAN","Jaringan Komputer","","",""
"26","MEDIA PEMBELAJARAN KOMUNIKASI DATA DAN JARINGAN KOMPUTER PADA MATERI ROUTER","Jaringan Komputer","","",""
"27","Perancangan Wide Area Network (WAN) Dengan Teknologi Virtual Private Network (VPN)","Jaringan Komputer","","",""
"28","PERANCANGAN JARINGAN KOMPUTER DI PT. DIRGANTARA","Jaringan Komputer","","",""
"29","PERANCANGAN INFRASTRUKTUR JARINGAN KOMPUTER UNTUK MENDUKUNG IMPLEMENTASI SISTEM INFORMASI PADA UNIVERSITAS TEKNOLOGI SUMBAWA","Jaringan Komputer","","",""
"30","PERANCANGAN APLIKASI PEMERIKSAAN IP ADDRESS AKTIF PADA JARINGAN KOMPUTER DENGAN METODE PENGUJIAN BLACK BOX","Jaringan Komputer","","",""
"31","JARINGAN SYARAF TIRUAN ALGORITMA BACKPROPAGATION DALAM MEMPREDIKSI KETERSEDIAAN KOMODITI PANGAN PROVINSI RIAU","Jaringan Syaraf Tiruan","","",""
"32","Prediksi Nilai Tukar Petani Menggunakan Jaringan Syaraf Tiruan Backpropagation","Jaringan Syaraf Tiruan","","",""
"33","Pengenalan Pola Tulang Daun Dengan Jaringan Syaraf Tiruan Backpropagation","Jaringan Syaraf Tiruan","","",""
"34","JARINGAN SYARAF TIRUAN UNTUK MEMPREDIKSI KINERJA SATPAM","Jaringan Syaraf Tiruan","","",""
"35","Metode Baru Untuk Pintu Loker Dengan Sistem Keamanan Wajah Menggunakan Algoritma Backpropagation","Jaringan Syaraf Tiruan","","",""
"36","JARINGAN SYARAF TIRUAN BACKPROPAGATION UNTUK PREDIKSI JUMLAH PENGUNJUNG KOLAM RENANG","Jaringan Syaraf Tiruan","","",""
"37","JARINGAN SYARAF TIRUAN UNTUK MEMPREDIKSI NILAI KELULUSAN SIDANG (STUDI KASUS : STMIK KAPUTAMA BINJAI )","Jaringan Syaraf Tiruan","","",""
"38","Model Jaringan Syaraf Tiruan Dalam Memprediksi Ketersediaan Cabai Berdasarkan Provinsi","Jaringan Syaraf Tiruan","","",""
"39","MODEL JARINGAN SYARAF TIRUAN DALAM MEMPREDIKSI PENDAPATAN PERKAPITA MASYARAKAT PERKOTAAN PADA GARIS KEMISKINAN BERDASARKAN PROPINSI","Jaringan Syaraf Tiruan","","",""
"40","DETEKSI ANOMALI TOTAL ELECTRON CONTENT SEBELUM GEMPA BUMI PALU MENGGUNAKAN JARINGAN SYARAF TIRUAN DETEKSI ANOMALI TOTAL ELECTRON CONTENT SEBELUM GEMPA BUMI PALU MENGGUNAKAN JARINGAN SYARAF TIRUAN DETEKSI ANOMALI TOTAL ELECTRON CONTENT SEBELUM GEMPA BUMI PALU MENGGUNAKAN JARINGAN SYARAF TIRUAN LEVENBERG-MARQUARDT","Jaringan Syaraf Tiruan","","",""
"41","OPTIMALISASI NEURAL NETWORK DENGAN PARTICLE SWARM OPTIMIZATION UNTUK PREDIKSI KELULUSAN MAHASISWA","Rekayasa Perangkat Lunak","","",""
"42","METODE WATERFALL DALAM IMPLEMENTASI APLIKASI PERPUSTAKAAN BERBASIS DEKSTOP","Rekayasa Perangkat Lunak","","",""
"43","REKAYASA PERANGKAT LUNAK PROGRAM APLIKASI MANAGEMENT SERVISE STATION PT.BUANA CENTRA SWAKARSA LOGISTICS (BCS-LOGISTICS) CILEGON","Rekayasa Perangkat Lunak","","",""
"44","REKAYASA PERANGKAT LUNAK SISTEM INFORMASI AKADEMIK DI SMK TERPADU BANI RUSYDI CIMARGA","Rekayasa Perangkat Lunak","","",""
"45","REKAYASA PERANGKAT LUNAK UNTUK JASA PINDAH BERBASIS WEB","Rekayasa Perangkat Lunak","","",""
"46","RANCANGAN SISTEM INFORMASI PENELITIAN DAN PENGABDIAN MASYARAKAT POLITEKNIK NEGERI BENGKALIS MENGGUNAKAN METODE UML (UNIFIED MODELING LANGUAGE)","Rekayasa Perangkat Lunak","","",""
"47","APPLICATION EMERGENCY PANIC BUTTON (AEPB) BERBASIS ANDROID (STUDI KASUS: RUMAH SAKIT ST. CAROLUS BOROMEUS-BELLO)","Rekayasa Perangkat Lunak","","",""
"48","PENERAPAN TEKNOLOGI AUGMENTED REALITY PADA KATALOG MEBEL KOMPAS JATI JEPARA BERBASIS ANDROID","Rekayasa Perangkat Lunak","","",""
"49","PEMBUATAN ALAT PENDETEKSI KEBISINGAN UNTUK BUDIDAYA BURUNG LOVE BIRD BERBASIS ARDUINO DAN ANDROID MELALUI WIFI","Rekayasa Perangkat Lunak","","",""
"50","Perancangan dan Pembuatan Aplikasi Manajemen Publikasi Ilmiah Berbasis Online pada Jurnal SISFO","Rekayasa Perangkat Lunak","","",""
"51","Robot Pintar Pengukur Kepuasan Konsumen pada Pusat Perbelanjaan","Robotika","","",""
"52","PERANCANGAN ROBOT BERODA DAN BERLENGAN UNTUK PROSES PEMANENAN BUAH TOMAT BERBASIS RASPBERRY PI","Robotika","","",""
"53","Robot Pintar Penyambut Costumer pada Pusat Perbelanjaan Kota Manado","Robotika","","",""
"54","PELATIHAN ROBOTIKA BERBASIS ANDROID UNTUK MENUMBUHKAN INOVASI DAN KREATIVITAS DI SMP 11 BANDUNG","Robotika","","",""
"55","RANCANG BANGUN ALAT PEMBERI PAKAN IKAN GURAMI OTOMATIS DENGAN MEMANFAATKAN GERAK ROTASI","Robotika","","",""
"56","Pemodelan dan Simulasi Robot Lengan 3 DOF Menggunakan V-REP","Robotika","","",""
"57","RANCANG BANGUN ROBOT KUDA UNTUK KONTES ROBOT ABU INDONESIA 2019","Robotika","","",""
"58","Rancang Bangun Robot Line Follower Portable Sebagai Upaya Minimalisasi Sampah Elektronik di Ranah Robotika","Robotika","","",""
"59","PEMANFAATAN SENSOR 3 AXIS GYROSCOPE PADA ROBOT SENI TARI BERBASIS RASPBERRY PI","Robotika","","",""
"60","PEMBUATAN SISTEM ROBOTIKA SEBAGAI IMPLEMENTASI PERGERAKAN KAMERA SECARA AUTONOMOUS","Robotika","","",""
"61","ANALISA PERBANDINGAN PEMODELAN BASIS DATA MENGGUNAKAN ER- DIAGRAM DAN EER-DIAGRAM PADA KASUS SISTEM ASISTENSI PERKULIAHAN PRAKTIKUM","Basis Data","","",""
"62","ANALISIS DAN PERANCANGAN SISTEM BASIS DATA TERHADAP APLIKASI SCORECARD SYSTEM PADA PT. THE FOREST TRUST  INDONESIA","Basis Data","","",""
"63","Analisis Kesiapan Kebutuhan Infrastruktur Replikasi Basis Data pada Sekolah Musik Indonesia Solo","Basis Data","","",""
"64","ANALISIS PERBANDINGAN SISTEM DATA POKOK PENDIDIKAN ( DAPODIK ) TINGKAT SMK","Basis Data","","",""
"65","APLIKASI PENGOLAHAN DATA STOK MOBIL PADA DEALER XYZ DI TASIKMALAYA","Basis Data","","",""
"66","Basis Data Semu Menggunakan Lembar Kerja Elektronik pada Sistem Otomatisasi Perkantoran","Basis Data","","",""
"67","DESAIN SISTEM MANAJEMEN BASIS DATA ASET TETAP PADA SEKOLAH HIGH SCOPE INDONESIA","Basis Data","","",""
"68","DISAIN DATABASE UNTUK PENGELOLAAN DATA KULIAH KERJA NYATA (KKN) PADA INSTITUT AGAMA ISLAM NEGERI (IAIN) BATUSANGKAR","Basis Data","","",""
"69","EVALUASI EFIKASI DAN KONTROL LOCUS PENGGUNA TEKNOLOGI SISTEM BASIS DATA AKUNTANSI","Basis Data","","",""
"70","IMPLEMENTASI METODE DEMPSTER SHAFER DAN DESAIN BASIS DATA PADA SISTEM PAKAR DIAGNOSA PENYAKIT MATA","Basis Data","","",""
"71","IMPLEMENTASI METODE GRAY LEVEL SLICING DALAM PENCARIAN CITRA PADA BASIS DATA","Basis Data","","",""
"72","Kajian Pengembangan Aplikasi Sistem Basis Data Rekrutmen Pegawai Dengan Pendekatan Metode Extreme Programming","Basis Data","","",""
"73","METODE PENCARIAN DATA MENGGUNAKAN QUERY HASH JOIN DAN QUERY NESTED JOIN","Basis Data","","",""
"74","IMPLEMENTASI ENKRIPSI BASIS DATA DENGAN ALGORITMA MD5 (MESSAGE DIGEST ALGORITHM 5) DAN VIGENERE CIPHER","Basis Data","","",""
"75","PEMBANGUNAN MODEL BASISDATA SPASIAL DARI FENOMENA PENURUNAN TANAH DI INDONESIA","Basis Data","","",""
"76","PEMBUATAN BASIS DATA ALUMNI PROGRAM STUDI PENDIDIKAN BIOLOGI FKIP UNIVERSITAS MATARAM","Basis Data","","",""
"77","PEMBUATAN BASIS DATA SPASIAL TEMPAT INDEKOS BERBASIS WEB DI AREA KAMPUS UNIVERSITAS NEGERI SEBELAS MARET","Basis Data","","",""
"78","PENENTUAN SPESIFIKASI KOMPUTER BERDASARKAN KEBUTUHAN PEMAKAI DAN HARGA MENGGUNAKAN BASIS DATA FUZZY","Basis Data","","",""
"79","PENGEMBANGAN BASIS DATA IMUNISASI DASAR LENGKAP DAN BOOSTER BATITA (STUDI KASUS DI PUSKESMAS BLEGA KABUPATEN BANGKALAN)","Basis Data","","",""
"80","Pengembangan Sistem Pemetaan Otomatis Entity Relationship Diagram Ke Dalam Database","Basis Data","","",""
"81","PENGISIAN BASIS DATA ALUMNI PROGRAM STUDI PENDIDIKAN BIOLOGI FKIP UNIVERSITAS MATARAM","Basis Data","","",""
"82","Penyusunan Basis Data Infrastruktur Sanitasi Sekolah Dasar Negeri Berbasis Website di Kecamatan Rasau Jaya","Basis Data","","",""
"83","Perancangan Active Database System pada Sistem Informasi Pelayanan Harga Pasar","Basis Data","","",""
"84","PERANCANGAN APLIKASI PENGAMANAN BASIS DATA MENGGUNAKAN ALGORITMA CAESAR CIPHER","Basis Data","","",""
"85","Perancangan Basis Data E-Library Program Studi Matematika FMIPA Universitas Udayana","Basis Data","","",""
"86","Perancangan Basis Data Instrumen Bimbingan Konseling Alat Ungkap Pemahaman Diri Siswa","Basis Data","","",""
"87","Perancangan Basis Data Katalog Citra Satelit LAPAN","Basis Data","","",""
"88","Perancangan Basis Data Pada Website E-Kartu Nikah","Basis Data","","",""
"89","Perancangan Dan Pembuatan Aplikasi Pendaftaran Mahasiswa Baru","Basis Data","","",""
"90","PERANCANGAN DATABASE UNTUK PEMINJAMAN BARANG DI UNVERSITAS XYZ","Basis Data","","",""
"91","PERANCANGAN MODEL BASIS DATA RELASIONAL DENGAN METODE DATABASE LIFE CYCLE","Basis Data","","",""
"92","PERANCANGAN SISTEM INFORMASI PENGOLAHAN DATA PKL (PRAKTEK KERJA LAPANGAN) DI DEVISI HUMAS PADA PT PEGADAIAN","Basis Data","","",""
"93","Perancangan Sistem Pengelolaan Basis Data Peserta Pelatihan Widyaiswara pada Balai Diklat Keagamaan Provinsi Aceh","Basis Data","","",""
"94","PERBANDINGAN PENCARIAN DATA MENGGUNAKAN QUERY HASH JOIN DAN QUERY NESTED JOIN","Basis Data","","",""
"95","Pertimbangan Melakukan Denormalisasi pada Model Basis Data Relasi","Basis Data","","",""
"96","RANCANG BANGUN APLIKASI PENCATATAN DATA KEPENDUDUKAN KELURAHAN PAHLAWAN BERBASIS WEB","Basis Data","","",""
"97","RANCANGAN BASIS DATA KEPENDUDUKAN BERDASARKAN ASPEK-ASPEK KUALITAS SCHEMA DATABASE","Basis Data","","",""
"98","SISTEM INFORMASI PENGOLAHAN DATA INVENTARIS DAN PENGDAAN BARANG PADA KANTOR DESA LENTING BERBASIS WEB","Basis Data","","",""
"99","SISTEM INFORMASI PENGOLAHAN DATA NILAI MURID DI SMA NEGERI 4 KOTA CIREBON","Basis Data","","",""
"100","SISTEM PENDUKUNG KEPUTUSAN REKOMENDASI PEMBELIAN MOBIL BEKAS MENGGUNAKAN METODE MULTI-FACTOR EVALUATION PROCESS (MFEP) DAN BASIS DATA FUZZY TAHANI","Basis Data","","",""
"101","ANALISIS DAN PERBANDINGAN ALGORITMA DATA MINING DALAM PREDIKSI HARGA SAHAM GGRM","Data Mining","","",""
"102","Aplikasi Data Mining untuk Mencari Pola Asosiasi Tracer Study Menggunakan Algoritma FOLDARM","Data Mining","","",""
"103","CLUSTERING PADA DATA MINING UNTUK MENGETAHUI POTENSI PENYEBARAN PENYAKIT DBD MENGGUNAKAN METODE ALGORITMA K-MEANS DAN METODE PERHITUNGAN JARAK EUCLIDEAN DISTANCE","Data Mining","","",""
"104","DATA MINING IDENTIFIKASI WEBSITE PHISING MENGGUNAKAN ALGORITMA C4.5","Data Mining","","",""
"105","Data Mining Penjualan Produk Dengan Metode Apriori Pada Indomaret Galang Kota","Data Mining","","",""
"106","DATA MINING TINGKAT PESANAN INVENTARIS KANTOR MENGGUNAKAN ALGORITMA APRIORI PADA KEPOLISIAN DAERAH SUMATERA UTARA","Data Mining","","",""
"107","IMPLEMENTASI DATA MINING ALGORITMA C4.5 UNTUK MEMPREDIKSI KELULUSAN UJI KOMPETENSI SMK TEKNIK KOMPUTER DAN JARINGAN (TKJ) (STUDY KASUS SMK PEMBANGUNAN DAERAH LUBUK PAKAM)","Data Mining","","",""
"108","IMPLEMENTASI DATA MINING K-MEANS UNTUK MENGUKUR KEMAMPUAN LOGIKA MAHASISWA (STUDI KASUS  AMIK LABUHAN BATU)","Data Mining","","",""
"109","Implementasi Data Mining Menentukan Jurusan Menggunakan Metode Klasifikasi Berbasis Web Di Sma Negeri 2 Muara Beliti","Data Mining","","",""
"110","Implementasi Data Mining Menggunakan Model SVM untuk Prediksi Kepuasan Pengunjung Taman Tabebuya","Data Mining","","",""
"111","IMPLEMENTASI DATA MINING PENJUALAN KORAN DENGAN METODE C4.5 (STUDI KASUS  PT. MEDIA MASSA CAHAYA PEMBAHARUAN)","Data Mining","","",""
"112","IMPLEMENTASI DATA MINING UNTUK PENGATURAN LAYOUT MINIMARKET DENGAN MENERAPKAN ASSOCIATION RULE","Data Mining","","",""
"113","IMPLEMENTASI DATA MINING UNTUK REKOMENDASI BEASISWA PADA SD WR SUPRATMAN 2 MENGGUNAKAN ALGORITMA NEAREST NEIGHBOR","Data Mining","","",""
"114","Implementasi Data Warehouse Dan Data Mining Untuk Pengembangan Sistem Rekomendasi Pemilihan SMA","Data Mining","","",""
"115","Implementasi Sistem Data Mining Untuk Menentukan Stock Accuracy Pada Warehouse PT Coca-Cola Amatil Indonesia Cibitung–Plant","Data Mining","","",""
"116","KLASTERISASI DATA JAMAAH UMROH PADA AULIYA TOUR & TRAVEL MENGGUNAKAN METODE K-MEANS CLUSTERING","Data Mining","","",""
"117","Komparasi Metode Data Mining K-Nearest Neighbor Dengan Naïve Bayes Untuk Klasifikasi Kualitas Air Bersih (Studi Kasus PDAM Tirta Kencana Kabupaten Jombang)","Data Mining","","",""
"118","KOMPARASI METODE DATA MINING UNTUK PENENTUAN PROSES PERSALINAN IBU MELAHIRKAN","Data Mining","","",""
"119","MERANCANG STRATEGI PENJUALAN PRODUK JASA PELATIHAN DENGAN MENGGUNAKAN METODE DATA MINING","Data Mining","","",""
"120","Metode Data Mining Terhadap Data Penjualan Sparepart Mesin Fotocopy Menggunakan Algoritma Apriori","Data Mining","","",""
"121","METODE DATA MINING UNTUK SELEKSI CALON MAHASISWA PADA PENERIMAAN MAHASISWA BARU DI UNIVERSITAS PAMULANG","Data Mining","","",""
"122","PEMANFAATAN DATA MINING DENGAN METODE CLUSTERING UNTUK EVALUASI BIAYA DOKUMEN EKSPOR DI PT WINSTAR BATAM","Data Mining","","",""
"123","Pemanfaatan Data Mining Untuk Penempatan Buku Di Perpustakaan Menggunakan Metode Association Rule","Data Mining","","",""
"124","Penerapan Algoritma Apriori dalam Data Mining untuk Memprediksi Pola Pengunjung pada Objek Wisata Kabupaten Karo","Data Mining","","",""
"125","PENERAPAN DATA MINING DALAM MENENTUKAN PILIHAN JURUSAN BIDANG STUDI SMA MENGGUNAKAN METODE CLUSTERING DENGAN TEKNIK SINGLE LINKAGE","Data Mining","","",""
"126","PENERAPAN DATA MINING DALAM PENGELOMPOKAN PENDERITA THALASSAEMIA","Data Mining","","",""
"127","PENERAPAN DATA MINING MENGGUNAKAN ALGORITMA K-MEANS UNTUK MENGETAHUI MINAT CUSTOMER DI TOKO HIJAB","Data Mining","","",""
"128","PENERAPAN DATA MINING REKOMENDASI BUKU MENGGUNAKAN ALGORITMA APRIORI","Data Mining","","",""
"129","PENERAPAN DATA MINING UNTUK ANALISIS POLA PEMBELIAN KONSUMEN DENGAN ALGORITMA FP-GROWTH PADA DATA TRANSAKSI PENJUALAN SPARE PART MOTOR","Data Mining","","",""
"130","Penerapan Data Mining Untuk Clustering Data Penduduk Miskin Menggunakan Algoritma Hard C-Means","Data Mining","","",""
"131","Penerapan Data Mining Untuk Memprediksi Pemesanan Bibit Pohon Dengan Regresi Linear Berganda","Data Mining","","",""
"132","PENERAPAN DATAMINING DALAM MENGELOMPOKKAN KUNJUNGAN WISATAWAN KE OBJEK WISATA UNGGULAN DI PROV. DKI JAKARTA DENGAN K-MEANS","Data Mining","","",""
"133","PENERAPAN DATAMINING PADA EKSPOR BUAH-BUAHAN MENURUT NEGARA TUJUAN MENGGUNAKAN K-MEANS CLUSTERING METHOD","Data Mining","","",""
"134","PENERAPAN DATAMINING PADA POPULASI DAGING AYAM RAS PEDAGING DI INDONESIA BERDASARKAN PROVINSI MENGGUNAKAN K-MEANS CLUSTERING","Data Mining","","",""
"135","PENERAPAN METODE DATA MINING MARKET BASKET ANALYSIS TERHADAP DATA PENJUALAN PRODUK BUKU DENGAN MENGGUNAKAN ALGORITMA APRIORI DAN FREQUENT PATTERN GROWTH (FP-GROWTH)  STUDI KASUS PERCETAKAN PT. GRAMEDIA","Data Mining","","",""
"136","PENERAPAN TEKNIK DATA MINING UNTUK CLUSTERING ARMADA PADA PT. SIAGA TRANSPORT INDONESIA MENGGUNAKAN METODE K-MEANS","Data Mining","","",""
"137","PERBANDINGAN METODE DATA MINING SVM DAN NN UNTUK KLASIFIKASI PENYAKIT GINJAL KRONIS","Data Mining","","",""
"138","Prediksi Kelulusan Mahasiswa Berdasarkan Kinerja Akademik Menggunakan Pendekatan Data Mining Pada Program Studi Sistem Informasi Fakultas Ilmu Komputer Universitas Brawijaya","Data Mining","","",""
"139","Prototype Data Mining Pola Jabatan Fungsional Dosen Menggunakan Teknik Emerging Pattern Studi Kasus Universitas Mercu Buana","Data Mining","","",""
"140","TEKNIK DATA MINING UNTUK PENENTUAN PAKET HEMAT SEMBAKO DAN KEBUTUHAN HARIAN DENGAN MENGGUNAKAN ALGORITMA FP-GROWTH (STUDI KASUS DI ULFAMART LUBUK ALUNG)","Data Mining","","",""
"141","ANALISA DAN PERANCANGAN JARINGAN KOMPUTER MENGGUNAKAN METODE VIRTUAL LOCAL AREA NETWORK (VLAN) (Studi Kasus DISKOMINFO Provinsi Jambi)","Jaringan Komputer","","",""
"142","ANALISA KINERJA KONEKSI JARINGAN KOMPUTER PADA SMK TEKNOLOGI BISTEK PALEMBANG","Jaringan Komputer","","",""
"143","ANALISIS KOMPARASI PERFORMA JARINGAN KOMPUTER PADA IMPLEMENTASI IPv4 dan IPv6","Jaringan Komputer","","",""
"144","ANALISIS PENGGUNAAN ACCESS CONTROL LIST (ACL) DALAM JARINGAN KOMPUTER DI KAWASAN BATAMINDO INDUSTRIAL PARK BATAM","Jaringan Komputer","","",""
"145","Analisis Perbandingan Sistem Manajemen Bandwidth Berbasis Class-Based Queue Dan Hierarchical Token Bucket Untuk Jaringan Komputer","Jaringan Komputer","","",""
"146","ANALISIS PERFORMA DAN DESAIN JARINGAN KOMPUTER MENGGUNAKAN TOP-DOWN NETWORK DESAIN STUDI KASUS PADA CV. MERAH PUTIH","Jaringan Komputer","","",""
"147","Arsitektur Jaringan Komputer Berbasis Framework Togaf-Adm Menggunakan Proses NDLC","Jaringan Komputer","","",""
"148","DISTRIBUSI JARINGAN MENGGUNAKAN ROUTING OSPF DENGAN METODE REDISTRIBUTION","Jaringan Komputer","","",""
"149","EFEKTIFITAS METODE PENGAJARAN JARINGAN KOMPUTER BERBASIS OPEN COURSWARE","Jaringan Komputer","","",""
"150","IMPLEMENTASI DAN ANALISIS JARINGAN MENGGUNAKAN WIRESHARK, CAIN AND ABELS, NETWORK MINNER","Jaringan Komputer","","",""
"151","Implementasi Keamanan Jaringan Komputer Local Area Network Menggunakan Access Control List pada Perusahaan X","Jaringan Komputer","","",""
"152","IMPLEMENTASI SENSOR MONITORING PADA JARINGAN WI-FI (HOTSPOT) BERBASIS SNORT","Jaringan Komputer","","",""
"153","IMPLEMENTASI SNORT INTRUSION DETECTION SYSTEM (IDS) PADA SISTEM JARINGAN KOMPUTER","Jaringan Komputer","","",""
"154","IMPLEMENTASI TEKNIK DEEP PACKET INSPECTION DENGAN MENGGUNAKAN WIRESHARK PADA SISTEM OPERASI UBUNTU","Jaringan Komputer","","",""
"155","MEMBANGUN JARINGAN INTERNET BERBASIS LOCAL AREA NETWORK DAN HOTSPOT WIFI PADA SMA NEGERI 1 LABUAPI","Jaringan Komputer","","",""
"156","Metode Point to Point Tunneling Protocol Untuk Keamanan Jaringan Studi Kasus Kantor Walikota Administrasi Jakarta Barat","Jaringan Komputer","","",""
"157","PEMERINGKATAN RISIKO KEAMANAN SISTEM JARINGAN KOMPUTER POLITEKNIK KOTA MALANG MENGGUNAKAN CVSS DAN FMEA","Jaringan Komputer","","",""
"158","Pendeteksi Gangguan Jaringan Lokal Menggunakan Metode Certainty Factor","Jaringan Komputer","","",""
"159","Pengembangan E-Authentic Asessment Berbasis PBL untuk Meningkatkan Kompetensi Mahasiswa dalam Pembelajaran Jaringan Komputer","Jaringan Komputer","","",""
"160","Pengembangan Media Pembelajaran Interaktif Jaringan Komputer Materi Intranet","Jaringan Komputer","","",""
"161","PENGEMBANGAN WEBSITE INTERAKTIF SEBAGAI COMPUTER-MEDIATED COMMUNICATION UNTUK PEMBELAJARAN JARINGAN KOMPUTER","Jaringan Komputer","","",""
"162","PENGGUNAAN APLIKASI SIMULASI JARINGAN CISCO PACKET TRACER DALAM DESIGN NETWORK","Jaringan Komputer","","",""
"163","PERANCANGAN APLIKASI PEMBELAJARAN TOPOLOGI JARINGAN KOMPUTER UNTUK SEKOLAH MENENGAH KEJURUAN (SMK) TEKNIK KOMPUTER DAN JARINGAN (TKJ) DENGAN METODE COMPUTER BASED INSTRUCTION","Jaringan Komputer","","",""
"164","Perancangan Arsitektur Jaringan Untuk Sekolah Menengah Kejuruan Dengan Menerapkan Konsep The Dude Server","Jaringan Komputer","","",""
"165","PERANCANGAN DAN ANALISIS KEAMANAN JARINGAN NIRKABEL DARI SERANGAN DDOS (DISTRIBUTED DENIAL OF SERVICE) BERBASIS HONEYPOT","Jaringan Komputer","","",""
"166","PERANCANGAN DAN IMPLEMENTASI INFRASTRUKTUR JARINGAN KOMPUTER SERTA CLOUD STRORAGE SERVER BERBASIS KENDALI JARAK JAUH (STUDI KASUS DI PT. LAPI ITB)","Jaringan Komputer","","",""
"167","Perancangan Jaringan Skala Besar dengan Menggunakan Metode Border Gateway Protocol (BGP) Berbasis Mikrotik","Jaringan Komputer","","",""
"168","Perancangan Laboratorium Komputer Virtual Mandiri Untuk Praktikum Jaringan Komputer Dasar Menggunakan Docker","Jaringan Komputer","","",""
"169","Perancangan Sistem Jaringan Komputer Pada Fakultas Ilmu Komputer Dan Teknologi Informasi Menggunakan Metode Enterprise Architecture Planning","Jaringan Komputer","","",""
"170","PERANCANGAN SISTEM PENDETKSI SERANGAN PADA SERVER JARINGAN KOMPUTER MENGGUNAKAN SNORT BERBASIS SMS GETEWAY","Jaringan Komputer","","",""
"171","Proteksi Keamanan Jaringan Komputer di Sekolah Menengah Kejuran Al-Madani Pontianak","Jaringan Komputer","","",""
"172","Proxy Server dan Management Bandwidth Jaringan Komputer Menggunakan Mikrotik RB952Ui5ac2nD (Studi Kasus MA Ishla","Jaringan Komputer","","",""
"173","RANCANG BANGUN ARSITEKTUR JARINGAN KOMPUTER TEKNOLOGI METROPOLITAN AREA NETWORK (MAN) DENGAN MENGGUNAKAN METODE NETWORK DEVELOPMENT LIFE CYCLE (NDLC) (Studi Kasus Universitas Majalengka)","Jaringan Komputer","","",""
"174","Rancangan Penerapan Metode Spanning Tree untuk Transmisi Data Pada Jaringan Laboratorium Komputer","Jaringan Komputer","","",""
"175","Sistem Monitoring Perangkat Jaringan Menggunakan Protokol SNMP Dengan Notifikasi Email","Jaringan Komputer","","",""
"176","SNIFFING PADA JARINGAN WIFI BERBASIS PROTOKOL 802.1X MENGGUNAKAN APLIKASI WIRESHARK","Jaringan Komputer","","",""
"177","WORKSHOP SIMULASI JARINGAN DASAR KOMPUTER MENGGUNAKAN CISCO PACKET TRACER","Jaringan Komputer","","",""
"178","RANCANG BANGUN KEAMANAN JARINGAN WIRELESS PADA STIPER SRIWIGAMA PALEMBANG DENGAN RADIUS SERVER","Jaringan Komputer","","",""
"179","READINESS ASSESSMENT PENERAPAN MEDIA PEMBELAJARAN PENGENALAN HARDWARE JARINGAN KOMPUTER BERBASIS AUGMENTED REALITY","Jaringan Komputer","","",""
"180","IMPLEMENTASI MIKROTIK ROUTER BOARD 750 SEBAGAI FIREWALL BLOK SITUS PADA JARINGAN LAN","Jaringan Komputer","","",""
"181","ANALISA PERBANDINGAN METODE JARINGAN SYARAF TIRUAN DENGAN METODE SISTEM PENDUKUNG KEPUTUSAN UNTUK PENERIMAAN TENAGA KERJA","Jaringan Syaraf Tiruan","","",""
"182","Analisis Jaringan Syaraf Tiruan untuk prediksi volume ekspor dan impor migas di Indonesia","Jaringan Syaraf Tiruan","","",""
"183","Desain Faktorial untuk Pembuktian Teori Masters dalam Penentuan Jumlah Lapisan dan Neuron Tersembunyi pada Peramalan Multivariat dengan Jaringan Syaraf Tiruan","Jaringan Syaraf Tiruan","","",""
"184","DETEKSI GANGGUAN LAMBUNG MELALUI CITRA IRIS MATA MENGGUNAKAN METODE JARINGAN SYARAF TIRUAN HEBB RULE","Jaringan Syaraf Tiruan","","",""
"185","Identifikasi Jenis dan Mutu Teh Menggunakan Pengolahan Citra Digital dengan Metode Jaringan Syaraf Tiruan","Jaringan Syaraf Tiruan","","",""
"186","IDENTIFIKASI KEMATANGAN BUAH TOMAT BERDASARKAN WARNA MENGGUNAKAN METODE JARINGAN SYARAF TIRUAN (JST)","Jaringan Syaraf Tiruan","","",""
"187","Implementasi Jaringan Syaraf Tiruan Backpropagation untuk Mendiagnosis Penyakit Kulit pada Anak","Jaringan Syaraf Tiruan","","",""
"188","Implementasi Jaringan Syaraf Tiruan Resilient Backpropagation dalam Memprediksi Angka Harapan Hidup Masyarakat Sumatera Utara","Jaringan Syaraf Tiruan","","",""
"189","IMPLEMENTASI JARINGAN SYARAF TIRUAN UNTUK MEMPREDIKSI PENJUALAN KOSMETIK DECORATIVE DENGAN METODE BACKPROPOGATION","Jaringan Syaraf Tiruan","","",""
"190","IMPLEMENTASI JARINGAN SYARAF TIRUAN UNTUK PENGELOMPOKKAN MINAT KOMPETENSI MAHASISWA STMIK PELITA NUSANTARA MEDAN","Jaringan Syaraf Tiruan","","",""
"191","JARINGAN SYARAF TIRUAN MENGGUNAKAN METODE PERCEPTRON UNTUK MENENTUKAN PENYAKIT PADA TANAMAN BUAH NANAS","Jaringan Syaraf Tiruan","","",""
"192","JARINGAN SYARAF TIRUAN UNTUK MEMPREDIKSI LAJU PERTUMBUHAN PENDUDUK MENGGUNAKAN METODE BACPROPAGATION (STUDI KASUS DI KOTA BENGKULU)","Jaringan Syaraf Tiruan","","",""
"193","JARINGAN SYARAF TIRUAN UNTUK MEMPREDIKSI SKOR PERTANDINGAN SEPAK BOLA DENGAN METODE BACKPROPAGATION","Jaringan Syaraf Tiruan","","",""
"194","Jaringan Syaraf Tiruan Untuk Pengenalan Citra Sidik Jari Pada Smart Home Berbasis MYSQL","Jaringan Syaraf Tiruan","","",""
"195","KLASIFIKASI POLA SIDIK JARI MENGGUNAKAN JARINGAN SYARAF TIRUAN BACKPROPAGATION UNTUK ANALISA KARAKTERISTIK SESEORANG","Jaringan Syaraf Tiruan","","",""
"196","KOMBINASI LOGIKA FUZZY DAN JARINGAN SYARAF TIRUAN UNTUK PRAKIRAAN CURAH HUJAN TIMESERIES DI AREA PUSPO-JAWA TIMUR","Jaringan Syaraf Tiruan","","",""
"197","MODEL JARINGAN SYARAF TIRUAN DALAM MEMPREDIKSI EKSISTENSI PROGRAM STUDI KOMPUTERISASI AKUNTANSI (STUDI KASUS  AMIK TUNAS BANGSA PEMATANGSIANTAR)","Jaringan Syaraf Tiruan","","",""
"198","Model Jaringan Syaraf Tiruan Dalam Memprediksi Produksi Susu Segar Di Indonesia Berdasarkan Propinsi","Jaringan Syaraf Tiruan","","",""
"199","MODEL JARINGAN SYARAF TIRUAN MEMPREDIKSI EKSPOR MINYAK SAWIT MENURUT NEGARA TUJUAN UTAMA","Jaringan Syaraf Tiruan","","",""
"200","PEMODELAN JARINGAN SYARAF TIRUAN DENGAN ALGORITMA ONE STEP SECANT BACKPROPAGATION DALAM RETURN KURS RUPIAH TERHADAP DOLAR AMERIKA SERIKAT","Jaringan Syaraf Tiruan","","",""
"201","Pemodelan Jaringan Syaraf Tiruan untuk Memprediksi Color Difference Tepung Sagu pada Pneumatic Conveying Recirculated Dryer","Jaringan Syaraf Tiruan","","",""
"202","Penerapan Algoritme Jaringan Syaraf Tiruan Backpropagation pada Pengklasifikasian Status Gizi Balita","Jaringan Syaraf Tiruan","","",""
"203","Penerapan Jaringan Syaraf Tiruan Untuk Memprediksi Jumlah Pengangguran di Provinsi Kalimantan Timur Dengan Menggunakan Algoritma Pembelajaran Backpropagation","Jaringan Syaraf Tiruan","","",""
"204","PENGEMBANGAN SUMBER BELAJAR MATAKULIAH SISTEM CERDAS KOMPETENSI JARINGAN SYARAF TIRUAN","Jaringan Syaraf Tiruan","","",""
"205","Peningkatan Akurasi Klasifikasi Tingkat Penguasaan Materi Bahan Ajar Menggunakan Jaringan Syaraf Tiruan Dan Algoritma Genetika","Jaringan Syaraf Tiruan","","",""
"206","PERAMALAN JUMLAH PERMINTAAN UDANG BEKU PND MENGGUNAKAN METODE JARINGAN SYARAF TIRUAN (JST) BACKPROPAGATION","Jaringan Syaraf Tiruan","","",""
"207","Peramalan Produksi Gula Menggunakan Metode Jaringan Syaraf Tiruan Backpropagation Pada PG Candi Baru Sidoarjo","Jaringan Syaraf Tiruan","","",""
"208","Perubahan perilaku Non-Player Character (NPC) pada Game Arabic Hunter menggunakan Jaringan Syaraf Tiruan Perceptron","Jaringan Syaraf Tiruan","","",""
"209","PREDIKSI DISTRIBUSI AIR PDAM MENGGUNAKAN METODE JARINGAN SYARAF TIRUAN BACKPROPAGATION DI PDAM KOTA MALANG","Jaringan Syaraf Tiruan","","",""
"210","PREDIKSI HARGA JUAL SUKU CADANG IMPOR MESIN ROKOK DENGAN JARINGAN SYARAF TIRUAN","Jaringan Syaraf Tiruan","","",""
"211","PREDIKSI JUMLAH LULUSAN MAHASISWA STMIK DUMAI MENGGUNAKAN JARINGAN SYARAF TIRUAN","Jaringan Syaraf Tiruan","","",""
"212","Prediksi Jumlah Permintaan Koran Menggunakan Metode Jaringan Syaraf Tiruan Backpropagation","Jaringan Syaraf Tiruan","","",""
"213","Prediksi Produktivitas Padi Menggunakan Jaringan Syaraf Tiruan Backpropagation","Jaringan Syaraf Tiruan","","",""
"214","Prediksi Tingkat Keuntungan Usaha Peternakan Itik Alabio Petelur menggunakan Jaringan Syaraf Tiruan Backpropagation (Kasus di Kabupaten Hulu Sungai Utara Kalimantan Selatan)","Jaringan Syaraf Tiruan","","",""
"215","Prediksi Volume Penggunaan Air PDAM Menggunakan Metode Jaringan Syaraf Tiruan Backpropagation","Jaringan Syaraf Tiruan","","",""
"216","SISTEM PENDUKUNG KEPUTUSAN PEMILIHAN MAHASISWA BERPRESTASI MENGGUNAKAN JARINGAN SYARAF TIRUAN BACK PROPAGATION","Jaringan Syaraf Tiruan","","",""
"217","STUDI ESTIMASI BEBAN HARIAN SISTEM INTERKONEKSI SULSELBAR 2015 DENGAN METODE JARINGAN SYARAF TIRUAN","Jaringan Syaraf Tiruan","","",""
"218","Detektor Kebohongan Dengan Analisis Pembesaran Diameter Pupil Dan Pergerakan Mata Menggunakan Metode Jaringan Syaraf Tiruan Hopfield Net","Jaringan Syaraf Tiruan","","",""
"219","MODEL JARINGAN SYARAF TIRUAN UNTUK MEMPREDIKSI KADAR AIR BAHAN PADA PNEUMATIC CONVEYING RECIRCULATED DRYER","Jaringan Syaraf Tiruan","","",""
"220","Pengembangan Model Jaringan Syaraf Tiruan untuk Memprediksi Jumlah Mahasiswa Baru di PTS Surabaya (Studi Kasus Universitas Wijaya Putra)","Jaringan Syaraf Tiruan","","",""
"221","REKAYASA PERANGKAT LUNAK PADA DATA NASABAH KREDIT PERMAISURI BERBASIS WEB","Rekayasa Perangkat Lunak","","",""
"222","Pengembangan Aplikasi Manajemen Informasi Sedekah Berbagi Makanan Berbasis Android Dengan Metode Rekayasa Perangkat Lunak Berorientasi Penggunaan Ulang","Rekayasa Perangkat Lunak","","",""
"223","Analisis Pemilihan Penerapan Proyek Metodologi Pengembangan Rekayasa Perangkat Lunak","Rekayasa Perangkat Lunak","","",""
"224","DIGITAL LIBRARY JURNAL DAN ARTIKEL DENGAN MODUL AUTOMATIC CITATION FORMAT BERBASIS WEB","Rekayasa Perangkat Lunak","","",""
"225","PERANCANGAN PERANGKAT LUNAK SISTEM INFORMASI REKAM MEDIS BERBASIS CLIENT-SERVER STUDI KASUS KLINIK CIPANAS","Rekayasa Perangkat Lunak","","",""
"226","Rekayasa Perangkat Lunak Berbasis Android sebagai Media Informasi Akademik Siswa SMK PKP 2 Jakarta","Rekayasa Perangkat Lunak","","",""
"227","REKAYASA PERANGKAT LUNAK PEMESANAN TIKET BIOSKOP BERBASIS WEB","Rekayasa Perangkat Lunak","","",""
"228","REKAYASA PERANGKAT LUNAK PENGOLAHAN DATA PRODUK MASUK DAN KELUAR MENGGUNAKAN PHP DAN MySQL (Studi Kasus  Suzuya Rocky Plaza Padang)","Rekayasa Perangkat Lunak","","",""
"229","REKAYASA PERANGKAT LUNAK KRIPTOGRAFI MENGGUNAKAN ALGORITMA ADVANCED ENCRYPTION STANDARD (AES) 128 BIT PADA SISTEM KEAMANAN SHORT MESSAGE SERVICE (SMS) BERBASIS ANDROID","Rekayasa Perangkat Lunak","","",""
"230","REKAYASA PERANGKAT LUNAK ORDERING BIBIT RAMBUTAN OKULASI BERBASIS ANDROID MENGGUNAKAN ECLIPSE","Rekayasa Perangkat Lunak","","",""
"231","PERANCANGAN APLIKASI PERANGKAT LUNAK PENGELOLAAN DATA BANK SAMPAH DI PT. INPOWER KARYA MANDIRI GARUT","Rekayasa Perangkat Lunak","","",""
"232","Rekayasa Perangkat Lunak Aplikasi Keputusan Multi Kriteria dengan Algoritma Analytic Network Process (ANP) Berbasis Android","Rekayasa Perangkat Lunak","","",""
"233","Perangkat Lunak Diagnosa Penyakit Pada Manusia Berbasis Sistem Pakar","Rekayasa Perangkat Lunak","","",""
"234","REKAYASA PERANGKAT LUNAK UNTUK PENGEVALUASIAN KUALITAS JARINGAN FIBER OPTIK BERBASIS WEB PADA PGAS COM","Rekayasa Perangkat Lunak","","",""
"235","REKAYASA PERANGKAT LUNAK PENGENDALIAN INVENTORI MENGGUNAKAN METODE SMA (SINGLE MOVING AVERAGE) BERBASIS AJAX (ASYNCHRONOUS JAVASCRIPT AND XML) (STUDI KASUS PTP NUSANTARA VI (Persero) UNIT USAHA KAYU ARO )","Rekayasa Perangkat Lunak","","",""
"236","REKAYASA PERANGKAT LUNAK PADA INFORMASI PEMETAAN LOKASI WISATA DI LAMPUNG","Rekayasa Perangkat Lunak","","",""
"237","Rekayasa Augmented Reality Planet dalam Tata Surya sebagai Media Pembelajaran Bagi Siswa SMP Negeri 57 Palembang","Rekayasa Perangkat Lunak","","",""
"238","REKAYASA MODEL PERANGKAT LUNAK GEOGRAFIS PARIWISATA UNTUK PENCARIAN WISATA TEMPAT UMUM DAN TEMPAT TRANSPORTASI KOTA PALEMBANG","Rekayasa Perangkat Lunak","","",""
"239","PERANCANGAN PERANGKAT LUNAK SISTEM INFORMASI PENDATAAN GURU DAN SEKOLAH (SINDARU) PADA DINAS PENDIDIKAN KOTA TANGERANG SELATAN","Rekayasa Perangkat Lunak","","",""
"240","REKAYASA PERANGKAT LUNAK SISTEM INFORMASI PENGIRIMAN DAN PENERIMAAN SURAT ATAU PAKET BERBASIS WEB (Studi Kasus  PT. Jaya Trade Indonesia)","Rekayasa Perangkat Lunak","","",""
"241","Perancangan Media Pembelajaran Sekolah Dasar Berbasis Android Menggunakan Metode Rekayasa Perangkat Lunak Air Terjun ( Waterfall )","Rekayasa Perangkat Lunak","","",""
"242","Perangkat Lunak Computer Based Estimation (CBET) Kesemaptaan Jasmani Untuk Calon Tamtama PK TNI AD pada Korem 064Maulana Yusuf","Rekayasa Perangkat Lunak","","",""
"243","Rekayasa Kebutuhan dengan Metode Pemodelan Berbasis Linguistik dan Ontologi pada Sistem Penilaian Prestasi Kerja Pegawai Dinas Kominfo Kota Malang","Rekayasa Perangkat Lunak","","",""
"244","Studi Komparatif Model Proses Perangkat Lunak Terhadap Karakteristik Sistem ERP","Rekayasa Perangkat Lunak","","",""
"245","PERANCANGAN PERANGKAT LUNAK SIMULASI PENGAMANAN TANDA TANGAN DENGAN MENGUNAKAN METODE SCHNORR AUTHENTICATION DAN DIGITAL SIGNATURE SCHEME","Rekayasa Perangkat Lunak","","",""
"246","Rekayasa Kebutuhan Kualitas Perangkat Lunak untuk Peningkatan Nilai Kualitas Game Edukasi berbasis Mobile dengan Tema Pariwisata","Rekayasa Perangkat Lunak","","",""
"247","REPRESENTASI PENGETAHUAN (KNOWLEDGE) BERBASIS RULE (RULE-BASED) DALAM MENGANALISA KEKURANGAN VITAMIN PADA TUBUH MANUSIA","Rekayasa Perangkat Lunak","","",""
"248","Pembangunan Aplikasi Honda Care sebagai Sistem Perawatan Sepeda Motor menggunakan Metode Prototyping (Studi Kasus pada AHASS di Kota Malang)","Rekayasa Perangkat Lunak","","",""
"249","Rekayasa Perangkat Lunak Penjadwalan dan Pemesanan Iklan Radio (Studi Kasus  Radio Classy FM)","Rekayasa Perangkat Lunak","","",""
"250","REKAYASA PERANGKAT LUNAK PERBANDINGAN METODE PEROLEHAN BARANG UNTUK OPTIMALISASI LABA","Rekayasa Perangkat Lunak","","",""
"251","WIRELESS DEVELOPMENT SEBAGAI MODEL PENGEMBANGAN PERANGKAT LUNAK MOBILE MEDIA PENDUKUNG ASIAN GAMES XVIII","Rekayasa Perangkat Lunak","","",""
"252","Perancangan Alat Ukur Kualitas Perangkat Lunak Menggunakan Komponen ISOIEC 9126","Rekayasa Perangkat Lunak","","",""
"253","ANALISIS DAN DESAIN PERANGKAT LUNAK GENERATE FILE AKUN UANG KULIAH TUNGGAL (UKT) UNIVERSITAS PALANGKA RAYA","Rekayasa Perangkat Lunak","","",""
"254","Metode Rational Unified Process untuk Pengembangan Aplikasi Web dan Mobile (Studi Kasus Sistem Informasi Tanaman Obat Daerah Gorontalo)","Rekayasa Perangkat Lunak","","",""
"255","ANALISA METODOLOGI PENGEMBANGAN SISTEM DENGAN PERBANDINGAN MODEL PERANGKAT LUNAK SISTEM INFORMASI KEPEGAWAIAN MENGGUNAKAN WATERFALL DEVELOPMENT MODEL, MODEL PROTOTYPE, DAN MODEL RAPID APPLICATION DEVELOPMENT (RAD)","Rekayasa Perangkat Lunak","","",""
"256","Rancangan Perangkat Lunak Aplikasi Kenaikan Jabatan Fungsional Dosen","Rekayasa Perangkat Lunak","","",""
"257","REKAYASA PERANGKAT LUNAK PENCARIAN RUMAH KOST DENGAN DIJKSTRA'S ALGORITHM OPTIMIZATION","Rekayasa Perangkat Lunak","","",""
"258","RANCANG BANGUN SISTEM INFORMASI PEMINJAMAN PERANGKAT DEMO VIDEO CONFERENCE BERBASIS WEB DENGAN MODEL WATERFALL","Rekayasa Perangkat Lunak","","",""
"259","REKAYASA PERANGKAT LUNAK SELEKSI PENENTUAN VENDOR JASA TENAGA KERJA DENGAN METODE SAW","Rekayasa Perangkat Lunak","","",""
"260","REKAYASA PERANGKAT LUNAK SELEKSI PENENTUAN VENDOR JASA TENAGA KERJA DENGAN METODE SAW","Rekayasa Perangkat Lunak","","",""
"261","Aplikasi Arduino Uno Pada Modul Robot Manusia Sebagai Mediasi Pengajaran Desain, Narasi dan Simulasi","Robotika","","",""
"262","APLIKASI BASE STATION UNTUK ROBOT SEPAK BOLA BERODA","Robotika","","",""
"263","Autonomous Sales Robot untuk Pengenal Produk Berbasis Barcode dan Arduino ATMega328","Robotika","","",""
"264","Balancing Robot Beroda Dua Menggunakan Metoda Kontrol Proporsional, Integral dan Derivatif","Robotika","","",""
"265","Bimbingan Teknis Pemrograman Arduino Robot Soccer Untuk Siswa SMP IT dan SMP Negeri 10 Magelang","Robotika","","",""
"266","Implementasi Algoritma Wall Following pada Manuver Robot KRPAI Quadruped Omni Direction Menggunakan Metode Fuzzy Sugeno","Robotika","","",""
"267","IMPLEMENTASI KENDALI FUZZY-PID SEBAGAI METODE WALL FOLLOWING PADA ROBOT HEXAPOD KONTES ROBOT PEMADAM API INDONESIA (KRPAI)","Robotika","","",""
"268","IMPLEMENTASI KONTROL LQR PADA SISTEM KESETIMBANGAN ROBOT BERODA DUA","Robotika","","",""
"269","IMPLEMENTASI METODE PCQ-QUEUE TREE PADA ROUTER MIKROTIK DAN MONITORING CACTI UNTUK PENINGKATAN QUALITY OF SERVICE","Robotika","","",""
"270","IMPLEMENTASI PERANCANGAN ROBOT LINE FOLLOWER BERBASIS MIKROKONTROLER ATMEGA32A","Robotika","","",""
"271","KONTROL PROPORTIONAL INTEGRAL (PI) PADA ROBOT LINE FOLLOWER","Robotika","","",""
"272","OPTIMASI REALTIME CONTROL SYSTEM PADA NAVIGASI MOBILE ROBOT","Robotika","","",""
"273","Pelatihan Robot Line Tracer Analog untuk Meningkatkan Prestasi Siswa Madrasah Ibtidaiyah Muhammadiyah Wonorejo 27 Surabaya","Robotika","","",""
"274","PELATIHAN ROBOTIKA BERBASIS ANDROID UNTUK MENUMBUHKAN INOVASI DAN KREATIVITAS DI SMP 11 BANDUNG","Robotika","","",""
"275","PEMBELAJARAN BERBASIS STEM MELALUI PELATIHAN ROBOTIKA","Robotika","","",""
"276","Pendeteksi Wajah Secara Real Time pada 2 Degree of Freedom (DOF) Kepala Robot Menggunakan Deep Integral Image Cascade","Robotika","","",""
"277","Penentuan Peserta Tim Robot Menggunakan Perspektif Knowledge Management dan Pendekatan Metode AHP (Studi Kasus Laboratorium Robotika Universitas XYZ)","Robotika","","",""
"278","PENGEMBANGAN MEDIA “AGUS TRAINER” UNTUK PEMBELAJARAN ROBOTIKA","Robotika","","",""
"279","PENGEMBANGAN MEDIA PEMBELAJARAN ROBOTIKA MENGGUNAKAN MOBILE ROBOT MANIPULATOR BERBASIS KOMUNIKASI DATA WI-FI DENGAN PROTOKOL TCP IP","Robotika","","",""
"280","PENGEMBANGAN MEDIA TRAINER KIT MOBILE ROBOT QUADCOPTER PADA MATA KULIAH ROBOTIKA JURUSAN TEKNIK ELEKTRO FAKULTAS TEKNIK UNIVERSITAS NEGERI MALANG","Robotika","","",""
"281","PENGEMBANGAN MODUL MATA KULIAH ELEKTRONIKA DASAR II MATERI ROBOTIKA UNTUK MENINGKATKAN KEMANDIRIAN DAN PENGETAHUAN","Robotika","","",""
"282","PENGEMBANGAN SISTEM INFORMASI LABORATORIUM TEKNIK INFORMATIKA DAN PENENTUAN PENGADAAN BAHAN HABIS PAKAI PRAKTIKUM MENGGUNAKAN ALGORITMA C4.5","Robotika","","",""
"283","PENGEMBANGAN SISTEM PENGAMAN PINTU LABORATORIUM ROBOTIKA UIN SULTAN SYARIF KASIM BERDASARKAN SIULAN BERBASIS SENSOR FC-04 DAN MIKROKONTROLER ATMEGA 328","Robotika","","",""
"284","Penggunaan Sensor Kesetimbangan Accelerometer dan Sensor Halangan Ultrasonic pada Aplikasi Robot Berkaki Dua","Robotika","","",""
"285","PENINGKATAN KETERAMPILAN SISWA SMAMA BIDANG SAINS DAN TEKNOLOGI MELALUI PELATIHAN ROBOTIKA BERBASIS MIKROKONTROLLER","Robotika","","",""
"286","Perancangan Kendali Robot pada Smartphone Menggunakan Sensor Accelerometer Berbasis Metode Fuzzy Logic","Robotika","","",""
"287","Perhitungan Inverse Kinematics dan Pengukuran Akurasi Pergerakan pada Robot Manipulator Lenga","Robotika","","",""
"288","Prototype Sistem Pendeteksi dan Penetralisir Asap Rokok Menggunakan Robotika dengan Fitur Air Quality Berbasis Android","Robotika","","",""
"289","RANCANG BANGUN PROTOTYPE ROBOT LENGAN MENGGUNAKAN FLEX SENSOR DAN ACCELEROMETER SENSOR PADA LAB MIKROKONTROLER STMIK MUSIRAWAS","Robotika","","",""
"290","Rancang Bangun Robot Penari Humanoid dengan Menggunakan 25 DoF untuk Melakukan Gerakan Tari Remo","Robotika","","",""
"291","Rancang Bangun Sistem Sortasi Kematangan Buah Semi Otomatis Berbasis Arduino","Robotika","","",""
"292","Rancang Bangun Smart Lamp Menggunakan Micro Controller Arduino UNO","Robotika","","",""
"293","Rancang Bangun Trainer Robot Bergerak Berbasis Mikrokontroler Sebagai Media Pembelajaran Pada Mata Kuliah Robotika","Robotika","","",""
"294","Raspberry Pi sebagai pengontrol lampu dengan sensor PIR untuk alat peraga praktikum mikrokontroller dan robotika di FTIK USM","Robotika","","",""
"295","Robot Kapal Selam Pendeteksi Keberadaan Benda","Robotika","","",""
"296","Simulasi Robot Manipulator 4 DOF Sebagai Media Pembelajaran dalam Kasus Robot Menulis Huruf","Robotika","","",""
"297","SIMULASI TRAFFIC LIGHT PADA PEREMPATAN DENGAN SISTEM MIKROKONTROLER ATMEGA 328","Robotika","","",""
"298","SISTEM INVERSE KINEMATICS PADA ROBOTICS ARM MENGGUNAKAN MULTILAYER BACK PROPAGATION NEURAL NETWORK UNTUK MENINGKATKAN AKURASI OUTPUT KOORDINAT DARI ROBOTICS ARM DI LABORATORIUM MEKATRONIKA DAN ROBOTIKA","Robotika","","",""
"299","Pengendali Lengan Robot Dengan Mikrokontroler Arduino Berbasis Smartphone","Robotika","","",""
"300","PENGEMBANGAN DESAIN, SIMULASI DAN PENGUJIAN ROBOT TANGAN MENGGUNAKAN FLEX SENSOR TERINTEGRASI DENGAN 3D ANIMATION SIMMECHANICS","Robotika","","",""
